Start_idx,HR,HRV_MeanNN,HRV_SDNN,HRV_RMSSD,HRV_SDSD,HRV_CVNN,HRV_CVSD,HRV_MedianNN,HRV_MadNN,HRV_MCVNN,HRV_IQRNN,HRV_Prc80NN,HRV_pNN50,HRV_pNN20,HRV_MinNN,HRV_MaxNN,HRV_TINN,HRV_HTI,HRV_ULF,HRV_VLF,HRV_LF,HRV_HF,HRV_VHF,HRV_LFHF,HRV_LFn,HRV_HFn,HRV_LnHF,HRV_SD1,HRV_SD2,HRV_SD1SD2,HRV_S
5480.0,82.0,733.9506172839506,110.91301786023226,126.86114456365274,127.64759389760584,0.15111782080199854,0.17284697577217617,750.0,74.13,0.09884,100.0,800.0,25.925925925925924,69.1358024691358,50.0,900.0,0.0,3.0,,,0.03889030712950447,0.024812725057789406,0.0019029534027914293,1.5673533253170722,0.5927859596911805,0.37820825088769383,-3.6963986502367434,90.26047924714365,128.58698356277026,0.7019410265820772,36462.33832215563
6680.0,80.0,753.7974683544304,89.79040833745015,123.12699302044378,123.92226033577101,0.11911741828142,0.16334227453593717,750.0,74.13,0.09884,50.0,800.0,18.9873417721519,77.21518987341773,50.0,850.0,0.0,2.135135135135135,,,0.0032202096873961937,0.03943993690130198,0.04555953642359649,0.08164844927249083,0.036502167967973904,0.4470650489166399,-3.2329763491145505,87.62627062338841,92.83008263717232,0.9439426114256184,25554.82658951922
7880.0,79.0,757.6923076923077,60.34367109613601,58.38742081211422,58.766658608827505,0.07964139332484955,0.07705954015812029,750.0,74.13,0.09884,100.0,800.0,21.794871794871796,69.23076923076923,650.0,900.0,101.5625,2.4375,,,0.03665524800138964,0.010018113629635676,0.005789973280266506,3.658897209246634,0.6986831482094791,0.1909545713511142,-4.603360461564055,41.554302809976726,74.87743459743643,0.5549642964316971,9775.001424553768
9080.0,80.0,754.4303797468355,68.02614194789737,72.50110520819842,72.86762181991607,0.09016887942758209,0.09610045824576637,750.0,74.13,0.09884,100.0,800.0,21.518987341772153,54.43037974683544,400.0,900.0,351.5625,2.46875,,,0.02745366632460906,0.026830329266548478,0.009472829323598981,1.0232325534237012,0.4305996473524971,0.42082285782613676,-3.618222342292347,51.52518951779948,70.91641226921683,0.7265622705530659,11479.321694658283
11120.0,81.0,735.625,69.44342474638134,63.145401829047685,63.49779633629089,0.09440057739525076,0.08583911888400705,750.0,74.13,0.09884,100.0,800.0,23.75,73.75,600.0,900.0,156.25,3.6363636363636362,,,0.015482577406981446,0.013127922976209737,0.003840198927830798,1.1793622978317884,0.47711074755553073,0.4045497710353131,-4.333013792349757,44.899722379793594,86.37033327091045,0.5198512113987157,12183.108832111446
