Start_idx,HR,HRV_MeanNN,HRV_SDNN,HRV_RMSSD,HRV_SDSD,HRV_CVNN,HRV_CVSD,HRV_MedianNN,HRV_MadNN,HRV_MCVNN,HRV_IQRNN,HRV_Prc80NN,HRV_pNN50,HRV_pNN20,HRV_MinNN,HRV_MaxNN,HRV_TINN,HRV_HTI,HRV_ULF,HRV_VLF,HRV_LF,HRV_HF,HRV_VHF,HRV_LFHF,HRV_LFn,HRV_HFn,HRV_LnHF,HRV_SD1,HRV_SD2,HRV_SD1SD2,HRV_S
5480.0,79.33333333333333,752.9661016949152,67.71369241319577,57.735026918962575,57.95793061515125,0.08992927073446372,0.07667679433244326,750.0,74.13,0.09884,50.0,800.0,18.64406779661017,67.79661016949152,550.0,900.0,203.125,2.5106382978723403,,,0.064109977453567,0.01857650129430643,0.00253991069099199,3.4511330437242385,0.7522315315205785,0.21796654084040154,-3.985857868263113,40.98244576151285,85.71529443780717,0.47812290712305333,11035.857061634739
7280.0,79.33333333333333,755.0847457627119,51.63556984300391,53.70861555295747,53.93791389968916,0.06838380742395579,0.0711292551655329,750.0,74.13,0.09884,87.5,800.0,16.101694915254235,61.86440677966102,650.0,900.0,101.5625,2.0701754385964914,,,0.038983607098556784,0.012401012617030098,0.005743302768971516,3.1435825688154906,0.6823914716852166,0.21707445462211716,-4.389977147041642,38.13986468152633,62.42738192137585,0.6109476884608356,7480.043825998152
9080.0,79.33333333333333,752.9661016949152,49.04749698752941,55.47001962252291,55.708601453115556,0.06513905058557648,0.07366868109687906,750.0,37.065,0.04942,50.0,800.0,16.94915254237288,66.94915254237289,650.0,900.0,101.5625,2.0,,,0.062308569908338315,0.03796118846841688,0.01808166413436905,1.6413756371241663,0.5264708153590779,0.32074974396567796,-3.2711909972896005,39.39192985791676,57.02880074447543,0.6907374755155233,7057.507844762267
11120.0,80.0,748.7394957983194,75.20091306072922,76.33001497733822,76.65433644210104,0.10043668523262377,0.10194468891473904,750.0,74.13,0.09884,100.0,800.0,20.168067226890756,69.74789915966386,600.0,1100.0,101.5625,3.838709677419355,,,0.014930988095172088,0.009633066187690716,0.002540056258140379,1.5499725429325026,0.5508754132545484,0.355409788235544,-4.642553704297969,54.20280110556473,91.45802180389434,0.5926522358179492,15573.757462508016
