Start_idx,HR,HRV_MeanNN,HRV_SDNN,HRV_RMSSD,HRV_SDSD,HRV_CVNN,HRV_CVSD,HRV_MedianNN,HRV_MadNN,HRV_MCVNN,HRV_IQRNN,HRV_Prc80NN,HRV_pNN50,HRV_pNN20,HRV_MinNN,HRV_MaxNN,HRV_TINN,HRV_HTI,HRV_ULF,HRV_VLF,HRV_LF,HRV_HF,HRV_VHF,HRV_LFHF,HRV_LFn,HRV_HFn,HRV_LnHF,HRV_SD1,HRV_SD2,HRV_SD1SD2,HRV_S
5440.0,80.0,747.8991596638656,76.57801992008591,67.6481425202546,67.91529521655436,0.10239083562348565,0.09045088719000333,750.0,74.13,0.09884,100.0,800.0,26.05042016806723,73.94957983193278,500.0,900.0,250.0,2.8333333333333335,,,0.05047524213673346,0.026149478618922094,0.005736071017281736,1.9302580702396466,0.612855231842477,0.3174991164608313,-3.6439260267609046,48.02336579391188,96.49064583768497,0.4976997031888047,14557.529570659979
7240.0,79.33333333333333,757.2033898305085,52.410046554680974,52.50152622934172,52.725593510388244,0.06921528252324963,0.06933609507624312,750.0,74.13,0.09884,50.0,800.0,14.40677966101695,57.6271186440678,650.0,900.0,101.5625,2.0344827586206895,,,0.043610440090089256,0.01038585076042332,0.0053690403380328225,4.19902433571188,0.7346112489725979,0.17494808084937088,-4.567310902965837,37.282624713280946,63.71967879211162,0.5851037767299051,7463.28334233836
9040.0,79.33333333333333,752.1186440677966,49.954709315149834,57.735026918962575,57.98335076138013,0.066418655765495,0.07676319072042348,750.0,74.13,0.09884,100.0,800.0,19.491525423728813,69.49152542372882,650.0,900.0,101.5625,2.269230769230769,,,0.04964309723163872,0.021944388980633944,0.014144774216595232,2.2622228067251746,0.5790480384315496,0.25596419446844304,-3.819243799445156,41.000420519290046,57.49524256642357,0.7131097929002169,7405.767855167528
11120.0,80.0,748.7394957983194,76.59661697455715,80.12172942107358,80.45327369444314,0.10230075667757914,0.10700881931658536,750.0,74.13,0.09884,100.0,800.0,18.487394957983195,66.38655462184873,600.0,1100.0,156.25,3.2162162162162162,,,0.0411126281111234,0.021915252005555576,0.015357721174913347,1.8759824482374756,0.5244920933652792,0.27958262288543817,-3.8205724459506687,56.88905539799802,91.69135616303565,0.6204407675773064,16387.284425293255
